Contractor_ID,Total_Assets,Lost_Assets,Damaged_Assets,Inventory_Accuracy (%)
Contractor_1,7524,325,0,95.68
Contractor_2,2523,89,45,94.69
Contractor_3,4593,176,77,94.49
Contractor_4,3753,44,26,98.13
Contractor_5,4296,46,120,96.14
Contractor_6,4261,55,93,96.53
Contractor_7,6202,47,60,98.27
Contractor_8,6432,25,35,99.07
Contractor_9,7376,7,112,98.39
Contractor_10,7986,252,179,94.6
